date measurement;celsius;humidity;moisture
2020-08-27_21:58:57;25.1;53.1;674
2020-08-27_22:28:58;25.2;56.6;675
2020-08-27_22:58:58;25.1;59.2;710
2020-08-27_23:28:58;24.9;53.6;693
2020-08-27_23:58:59;24.9;51.1;700
2020-08-28_00:28:59;24.5;51.8;698
2020-08-28_00:58:59;24.9;44.5;703
2020-08-28_01:29:00;25.3;45.3;673
2020-08-28_01:59:00;24.6;50.5;700
2020-08-28_02:29:00;24.6;49.9;683
2020-08-28_02:59:00;24.4;45.5;678
2020-08-28_03:29:01;24.4;50;695
2020-08-28_03:59:01;24.3;46.2;715
2020-08-28_04:29:01;24.3;48.8;678
2020-08-28_04:59:02;23.9;44.4;677
2020-08-28_05:29:02;24.4;43.2;681
2020-08-28_05:59:02;24.4;58.6;679
2020-08-28_06:29:02;24.4;51.7;695
2020-08-28_06:59:03;23.1;56.6;699
2020-08-28_07:29:03;23.9;57.6;711
2020-08-28_07:59:03;24.5;59;676
2020-08-28_08:29:04;24.5;59;644
2020-08-28_08:59:04;24.3;51.9;673
2020-08-28_09:29:04;24.0;64.8;688
2020-08-28_09:59:05;24.3;61.8;691
2020-08-28_10:29:05;24.1;44.9;680
2020-08-28_10:59:05;23.1;68.4;674
2020-08-28_11:29:05;23.7;72.1;677
2020-08-28_11:59:06;23.9;54.5;701
2020-08-28_12:29:06;23.7;68.4;712
2020-08-28_12:59:06;23.6;59.2;676
2020-08-28_13:29:07;23.8;64.8;711
2020-08-28_13:59:07;22.9;65.9;677
2020-08-28_14:29:07;24.1;62.8;717
2020-08-28_14:59:07;24.1;61.5;684
2020-08-28_15:29:08;24.5;71.8;700
2020-08-28_15:59:08;25.0;65.7;712
2020-08-28_16:29:08;25.1;57.5;717
2020-08-28_16:59:09;24.6;55.1;686
2020-08-28_17:29:09;24.8;61.8;717
2020-08-28_17:59:09;25.2;59;721
2020-08-28_18:29:10;25.0;68.9;678
2020-08-28_18:59:10;24.6;65.2;716
2020-08-28_19:29:10;24.3;59.7;704
2020-08-28_19:59:10;23.6;71.7;716
2020-08-28_20:29:11;23.4;74;708
2020-08-28_20:59:11;23.2;75.5;712
2020-08-28_21:29:11;23.1;73.3;726
2020-08-28_21:59:12;22.7;74.7;716
2020-08-28_22:29:12;24.0;73;712
2020-08-28_22:59:12;24.6;72.9;703
2020-08-28_23:29:12;24.5;71.1;649
2020-08-28_23:59:13;24.3;70.4;720
2020-08-29_00:29:13;24.5;75.4;683
2020-08-29_00:59:13;24.6;75.1;721
2020-08-29_01:29:14;24.8;73.6;716
2020-08-29_01:59:14;24.5;75;679
2020-08-29_02:29:14;24.6;69.3;713
2020-08-29_02:59:15;24.4;61.5;678
2020-08-29_03:29:15;25.0;61.6;677
2020-08-29_03:59:15;24.5;72.4;694
2020-08-29_04:29:15;24.4;73.2;690
2020-08-29_04:59:16;24.5;74.6;675
2020-08-29_05:29:16;24.6;73.9;691
2020-08-29_05:59:16;24.7;72.6;713
2020-08-29_06:29:17;24.5;73;691
2020-08-29_06:59:17;24.3;73;677
2020-08-29_07:29:17;24.1;71.4;695
2020-08-29_07:59:17;24.4;70.3;736
2020-08-29_08:29:18;24.6;70.1;724
2020-08-29_08:59:18;24.5;62.2;738
2020-08-29_09:29:18;24.7;74;717
2020-08-29_09:59:19;24.4;71.8;704
2020-08-29_10:29:19;24.6;53.5;728
2020-08-29_10:59:19;24.7;58.7;694
2020-08-29_11:29:19;25.2;57.5;695
2020-08-29_11:59:20;24.8;44.7;716
2020-08-29_12:29:20;25.0;47.5;729
2020-08-29_12:59:20;25.3;62.5;736
2020-08-29_13:29:21;25.1;38.4;728
2020-08-29_13:59:21;24.9;66.4;693
2020-08-29_14:29:21;25.5;40.7;728
2020-08-29_14:59:22;26.4;51.7;729
2020-08-29_15:29:22;26.2;70.9;728
2020-08-29_15:59:22;26.0;54.5;700
2020-08-29_16:29:22;25.8;70;728
2020-08-29_16:59:23;25.8;72.2;692
2020-08-29_17:29:23;26.0;70.4;689
2020-08-29_17:59:23;25.7;62.5;702
2020-08-29_18:29:24;25.7;65.4;735
2020-08-29_18:59:24;25.8;69;694
2020-08-29_19:29:24;25.1;70.3;702
2020-08-29_19:59:25;25.4;65.1;701
2020-08-29_20:29:25;25.4;62.5;699
2020-08-29_20:59:25;25.6;60.9;697
2020-08-29_21:29:25;25.4;72.2;691
2020-08-29_21:59:26;25.6;69.4;717
2020-08-29_22:29:26;25.4;66.7;700
2020-08-29_22:59:26;24.6;72.6;725
2020-08-29_23:29:27;25.6;66;729
2020-08-29_23:59:27;25.6;70.6;690
2020-08-30_00:29:27;24.4;70.1;742
2020-08-30_00:59:27;25.4;71.2;745
2020-08-30_01:29:28;25.2;71.2;703
2020-08-30_01:59:28;25.2;71.5;689
2020-08-30_02:29:28;25.2;69.9;749
2020-08-30_02:59:29;25.4;66.6;702
2020-08-30_03:29:29;25.2;70.2;747
2020-08-30_03:59:29;25.2;70.9;736
2020-08-30_04:29:30;24.9;71.9;701
2020-08-30_04:59:30;25.1;70.3;696
2020-08-30_05:29:30;25.4;72.2;751
2020-08-30_05:59:30;24.9;67.3;700
2020-08-30_06:29:31;24.6;73.7;700
2020-08-30_06:59:31;24.9;70.8;750
2020-08-30_07:29:31;24.6;73.4;744
2020-08-30_07:59:32;24.3;71;749
2020-08-30_08:29:32;24.9;68.7;746
2020-08-30_08:59:32;24.7;69.3;745
2020-08-30_09:29:32;24.8;70.9;709
2020-08-30_09:59:33;24.6;72;713
2020-08-30_10:29:33;24.9;65.8;710
2020-08-30_10:59:33;24.9;65.8;750
2020-08-30_11:29:34;24.6;61.7;740
2020-08-30_11:59:34;24.8;64;750
2020-08-30_12:29:34;25.0;65.8;717
2020-08-30_12:59:35;24.9;58;727
2020-08-30_13:29:35;25.1;64.3;704
2020-08-30_13:59:35;25.0;60.9;738
2020-08-30_14:29:35;24.8;63.1;744
2020-08-30_14:59:36;25.3;65.3;726
2020-08-30_15:29:36;25.7;71.6;701
2020-08-30_15:59:36;25.8;72;708
2020-08-30_16:29:37;25.4;67.6;749
2020-08-30_16:59:37;25.5;63.2;714
2020-08-30_17:29:37;24.2;74.3;745
2020-08-30_17:59:38;23.6;73.6;748
2020-08-30_18:29:38;23.6;76.8;697
2020-08-30_18:59:38;23.7;75.5;649
2020-08-30_19:29:38;23.7;75.6;678
2020-08-30_19:59:39;23.4;77.6;641
2020-08-30_20:29:39;22.6;79.8;697
2020-08-30_20:59:39;23.1;73.6;641
2020-08-30_21:29:40;23.7;77.1;662
2020-08-30_21:59:40;24.2;75.4;717
2020-08-30_22:29:40;24.6;73.2;712
2020-08-30_22:59:40;24.9;73.3;710
2020-08-30_23:29:41;24.8;71.8;753
2020-08-30_23:59:41;24.6;70.8;739
2020-08-31_00:29:41;24.6;70;745
2020-08-31_00:59:42;24.6;71.1;712
2020-08-31_01:29:42;24.7;71.4;753
2020-08-31_01:59:42;24.4;72.4;705
2020-08-31_02:29:42;23.9;73.4;715
2020-08-31_02:59:43;24.3;69.1;742
2020-08-31_03:29:43;24.3;75.3;740
2020-08-31_03:59:43;25.1;61.8;752
2020-08-31_04:29:44;24.5;70.4;678
2020-08-31_04:59:44;24.4;72.3;734
2020-08-31_05:29:44;24.0;66.6;680
2020-08-31_05:59:45;24.3;72.1;711
2020-08-31_06:29:45;24.3;70.9;718
2020-08-31_06:59:45;24.2;73.6;717
2020-08-31_07:29:45;24.5;64.2;738
2020-08-31_07:59:46;24.1;71.3;714
2020-08-31_08:29:46;24.5;71.8;683
2020-08-31_08:59:46;24.7;72.5;749
2020-08-31_09:29:47;24.1;72.6;747
2020-08-31_09:59:47;24.5;74.1;733
2020-08-31_10:29:47;24.5;67.2;755
2020-08-31_10:59:47;24.9;73.6;713
2020-08-31_11:29:48;24.8;69.3;750
2020-08-31_11:59:48;24.8;71.7;722
2020-08-31_12:29:48;24.6;64.4;749
2020-08-31_12:59:49;24.9;66.3;723
2020-08-31_13:29:49;24.6;70;726
2020-08-31_13:59:49;24.7;71.5;762
2020-08-31_14:29:49;24.6;75;754
2020-08-31_14:59:50;25.7;70.5;734
2020-08-31_15:29:50;24.9;73.7;723
2020-08-31_15:59:50;25.4;46.5;743
2020-08-31_16:29:51;25.3;39.8;728
2020-08-31_16:59:51;24.8;73.6;725
2020-08-31_17:29:51;25.5;64;767
2020-08-31_17:59:52;25.8;73;724
2020-08-31_18:29:52;25.4;57.7;728
2020-08-31_18:59:52;25.6;70.7;748
2020-08-31_19:29:52;24.8;52;763
2020-08-31_19:59:53;24.7;70.1;737
2020-08-31_20:29:53;24.9;73.8;768
2020-08-31_20:59:53;24.9;42.4;727
2020-08-31_21:29:54;25.1;50.2;736
2020-08-31_21:59:54;24.9;69;754
2020-08-31_22:29:54;25.3;58.4;768
2020-08-31_22:59:54;25.3;64.7;774
2020-08-31_23:29:55;25.1;68.6;761
2020-08-31_23:59:55;25.4;70.8;760
2020-09-01_00:29:55;25.1;71.8;727
2020-09-01_00:59:56;24.5;72.3;771
2020-09-01_01:29:56;24.5;67.9;730
2020-09-01_01:59:56;24.5;59.9;761
2020-09-01_02:29:56;24.6;50.1;759
2020-09-01_02:59:57;24.3;45.1;740
2020-09-01_03:29:57;24.2;47.4;757
2020-09-01_03:59:57;24.3;51.5;776
2020-09-01_04:29:58;24.3;49.4;751
2020-09-01_04:59:58;24.4;49.2;763
2020-09-01_05:29:58;24.0;47.4;775
2020-09-01_05:59:59;24.1;51.6;739
2020-09-01_06:29:59;24.0;43.2;760
2020-09-01_06:59:59;23.2;72.3;767
2020-09-01_07:29:59;23.9;72.6;780
2020-09-01_08:00:00;23.7;73;784
2020-09-01_08:30:00;24.3;38.3;775
2020-09-01_09:00:00;24.5;39.8;785
2020-09-01_09:30:01;24.4;57.2;773
2020-09-01_10:00:01;24.5;54.4;747
2020-09-01_10:30:01;24.3;60.4;774
2020-09-01_11:00:01;24.5;72.9;758
2020-09-01_11:30:02;25.0;70.8;782
2020-09-01_12:00:02;24.4;70.1;751
2020-09-01_12:30:02;24.8;72.8;761
2020-09-01_13:00:03;24.7;70.4;789
2020-09-01_13:30:03;24.6;70.9;780
2020-09-01_14:00:03;24.8;72.4;763
2020-09-01_14:30:03;25.0;71.8;750
2020-09-01_15:00:04;24.6;70.2;755
2020-09-01_15:30:04;25.2;68.4;755
2020-09-01_16:00:04;25.1;63.1;789
2020-09-01_16:30:05;25.0;62.1;755
2020-09-01_17:00:05;25.0;62;794
2020-09-01_17:30:05;24.7;66.8;771
2020-09-01_18:00:06;25.2;70.4;787
2020-09-01_18:30:06;23.5;52.2;777
2020-09-01_19:00:06;23.8;62.4;770
2020-09-01_19:30:06;24.6;61.6;807
2020-09-01_20:00:07;24.8;71;772
2020-09-01_20:30:07;25.0;66.8;809
2020-09-01_21:00:07;25.0;70.2;776
2020-09-01_21:30:08;24.8;69.7;773
2020-09-01_22:00:08;25.1;70;766
2020-09-01_22:30:08;25.8;67.2;769
2020-09-01_23:00:08;25.6;61;796
2020-09-01_23:30:09;25.6;69;776
2020-09-02_00:00:09;24.8;66.9;796
2020-09-02_00:30:09;25.1;70.1;805
2020-09-02_01:00:10;24.8;69.9;747
2020-09-02_01:30:10;24.8;72.3;780
2020-09-02_02:00:10;24.5;70.9;818
2020-09-02_02:30:10;24.8;70;821
2020-09-02_03:00:11;24.7;67.3;827
2020-09-02_03:30:11;24.9;70;789
2020-09-02_04:00:11;24.7;68.2;823
2020-09-02_04:30:12;24.6;69.3;821
2020-09-02_05:00:12;24.7;68.5;815
2020-09-02_05:30:12;25.2;69.9;830
2020-09-02_06:00:13;24.7;69;792
2020-09-02_06:30:13;24.4;70.6;784
2020-09-02_07:00:13;24.2;65.5;793
2020-09-02_07:30:13;24.5;66.2;795
2020-09-02_08:00:14;24.5;58.5;833
2020-09-02_08:30:14;24.3;58.8;790
2020-09-02_09:00:14;24.7;53.7;824
2020-09-02_09:30:15;24.8;56.1;850
2020-09-02_10:00:15;24.8;53.3;818
2020-09-02_10:30:15;24.7;57.6;847
2020-09-02_11:00:16;25.0;53.9;846
2020-09-02_11:30:16;24.8;65.9;856
2020-09-02_12:00:16;24.8;66.8;856
2020-09-02_12:30:16;24.7;63.2;818
2020-09-02_13:00:17;24.0;63.8;823
2020-09-02_13:30:17;22.8;72.6;812
2020-09-02_14:00:17;22.3;72.7;831
2020-09-02_14:30:18;22.7;72.2;866
2020-09-02_15:00:18;24.0;70.7;838
2020-09-02_15:30:18;24.2;68.4;887
2020-09-02_16:00:18;24.5;66.3;884
2020-09-02_16:30:19;24.3;63.1;878
2020-09-02_17:00:19;23.3;76.7;849
2020-09-03_22:36:59;26.3;73.6;705
2020-09-03_22:56:59;25.9;71.5;724
2020-09-03_23:16:59;26.5;71.6;718
2020-09-03_23:36:59;25.6;75.3;719
2020-09-03_23:57:00;25.9;74;719
2020-09-04_00:17:00;25.6;73.9;722
2020-09-04_00:37:00;26.1;73.5;668
2020-09-04_00:57:00;25.6;72.6;679
2020-09-04_01:17:00;25.5;74.7;673
2020-09-04_01:37:00;25.5;71.2;694
2020-09-04_01:57:01;25.4;74;721
2020-09-04_02:17:01;25.9;72.9;722
2020-09-04_02:37:01;25.5;74;651
2020-09-04_02:57:01;25.6;72.2;687
2020-09-04_03:17:02;25.5;72.1;688
2020-09-04_03:37:02;25.7;73.5;708
2020-09-04_03:57:02;25.1;71.5;717
2020-09-04_04:17:02;25.4;70.3;715
2020-09-04_04:37:02;25.7;72.7;722
2020-09-04_04:57:03;25.3;74.4;717
2020-09-04_05:17:03;25.3;70.9;721
2020-09-04_05:37:03;25.3;71.1;679
2020-09-04_05:57:03;25.4;73.6;715
2020-09-04_06:17:03;24.6;68.6;714
2020-09-04_06:37:04;24.8;70.4;669
2020-09-04_06:57:04;25.4;69.2;720
2020-09-04_07:17:04;25.6;72.7;673
2020-09-04_07:37:04;25.4;70.9;725
2020-09-04_07:57:04;25.5;66.9;635
2020-09-04_08:17:05;26.3;70;700
2020-09-04_08:37:05;25.9;70.4;718
2020-09-04_08:57:05;25.9;70.6;673
2020-09-04_09:17:05;25.9;71.4;714
2020-09-04_09:37:05;26.3;70.3;711
2020-09-04_09:57:06;26.5;72.3;724
2020-09-04_10:17:06;25.8;71.2;659
2020-09-04_10:37:06;26.0;75.7;707
2020-09-04_10:57:06;25.9;75.6;673
2020-09-04_11:17:06;25.9;75.9;666
2020-09-04_11:37:06;26.1;74.2;720
2020-09-04_11:57:07;26.1;76.3;717
2020-09-04_12:17:07;25.6;76.6;643
2020-09-04_12:37:07;26.4;72.8;674
2020-09-04_12:57:07;26.3;73.6;688
2020-09-04_13:17:08;26.4;75.4;720
2020-09-04_13:37:08;26.6;75.8;708
2020-09-04_13:57:08;26.9;74.7;675
2020-09-04_14:17:08;26.5;72.2;705
2020-09-04_14:37:08;26.3;76.2;671
2020-09-04_14:57:08;27.0;75.9;678
2020-09-04_15:17:09;26.4;74.1;715
2020-09-04_15:37:09;26.6;73.8;678
2020-09-04_15:57:09;26.7;72.7;673
2020-09-04_16:17:09;27.0;72.3;721
2020-09-04_16:37:10;26.7;69.3;680
2020-09-04_16:57:10;26.4;72.1;696
2020-09-04_17:17:10;26.9;70.6;682
2020-09-04_17:37:10;26.6;70.8;716
2020-09-04_17:57:10;26.8;64.4;673
2020-09-04_18:17:10;26.5;70.5;720
2020-09-04_18:37:11;26.3;71.7;676
2020-09-04_18:57:11;26.2;71.1;676
2020-09-04_19:17:11;26.3;73.3;672
2020-09-04_19:37:11;25.8;74.4;671
2020-09-04_19:57:11;25.3;73.7;679
2020-09-04_20:17:12;25.9;73.1;713
2020-09-04_20:37:12;26.9;72.9;683
2020-09-04_20:57:12;26.5;74.3;659
2020-09-04_21:17:12;26.5;73.8;668
2020-09-04_21:37:12;26.7;73.8;718
2020-09-04_21:57:13;26.6;74.3;712
2020-09-04_22:17:13;26.9;72.2;721
2020-09-04_22:37:13;26.9;73;699
2020-09-04_22:57:13;27.1;74;723
2020-09-04_23:17:13;26.9;73.8;692
2020-09-04_23:37:14;27.0;73.2;723
2020-09-04_23:57:14;26.9;75.1;718
2020-09-05_00:17:14;26.8;73.6;667
2020-09-05_00:37:14;27.0;75.3;717
2020-09-05_00:57:14;26.8;75.5;675
2020-09-05_01:17:15;26.4;76.4;717
2020-09-05_01:37:15;26.4;73.1;685
2020-09-05_01:57:15;26.3;76.2;716
2020-09-05_02:17:15;26.3;75.5;694
2020-09-05_02:37:15;26.3;75;713
2020-09-05_02:57:16;26.2;74.9;703
2020-09-05_03:17:16;26.3;74.7;688
2020-09-05_03:37:16;26.1;74.4;679
2020-09-05_03:57:16;26.4;74.6;679
2020-09-05_04:17:16;26.3;76.5;700
2020-09-05_04:37:17;26.1;73.8;669
2020-09-05_04:57:17;26.1;73.6;666
2020-09-05_05:17:17;26.2;76.1;719
2020-09-05_05:37:17;26.1;74.2;681
2020-09-05_05:57:17;26.4;73.5;677
2020-09-05_06:17:18;26.3;74.1;714
2020-09-05_06:37:18;26.3;74.2;721
2020-09-05_06:57:18;26.1;75.1;715
2020-09-05_07:17:18;26.1;73.6;705
2020-09-05_07:37:18;26.2;73.7;683
2020-09-05_07:57:19;25.7;67.5;671
2020-09-05_08:17:19;26.0;59.5;693
2020-09-05_08:37:19;26.4;58.2;710
2020-09-05_08:57:19;26.7;70.3;720
2020-09-05_09:17:19;26.7;61.8;685
2020-09-05_09:37:20;26.2;62.4;719
2020-09-05_09:57:20;26.0;70.4;719
2020-09-05_10:17:20;26.2;71;671
2020-09-05_10:37:20;26.5;70.1;715
2020-09-05_10:57:20;26.3;61.6;718
2020-09-05_11:17:21;26.3;65.8;679
2020-09-05_11:37:21;24.4;73;708
2020-09-05_11:57:21;23.3;59.6;689
2020-09-05_12:17:21;23.7;67.3;704
2020-09-05_12:37:21;25.4;64.3;678
2020-09-05_12:57:22;25.5;63.9;666
2020-09-05_13:17:22;25.9;63.1;708
2020-09-05_13:37:22;25.6;66.9;671
2020-09-05_13:57:22;24.7;62.5;714
2020-09-05_14:17:22;23.9;70.5;676
2020-09-05_14:37:23;23.7;62.1;704
2020-09-05_14:57:23;23.6;67.8;691
2020-09-05_15:17:23;23.4;68.9;668
2020-09-05_15:37:23;23.2;65;679
2020-09-05_15:57:23;23.9;60;685
2020-09-05_16:17:24;24.8;64;713
2020-09-05_16:37:24;25.1;67.1;665
2020-09-05_16:57:24;25.2;55.5;679
2020-09-05_17:17:24;25.6;63.7;718
2020-09-05_17:37:24;25.5;73.5;678
2020-09-05_17:57:25;24.7;62.4;674
2020-09-05_18:17:25;24.1;66.9;670
2020-09-05_18:37:25;23.6;59.5;693
2020-09-05_18:57:25;23.4;62.5;708
2020-09-05_19:17:25;24.5;60.6;676
2020-09-05_19:37:26;24.8;70.7;705
2020-09-05_19:57:26;24.7;68.9;669
2020-09-05_20:17:26;25.0;63.8;711
2020-09-05_20:37:26;25.2;66.2;718
2020-09-05_20:57:26;25.4;60.2;714
2020-09-05_21:17:27;26.0;60;708
2020-09-05_21:37:27;25.8;57.1;688
2020-09-05_21:57:27;25.7;64.2;704
2020-09-05_22:17:27;25.8;54.9;722
2020-09-05_22:37:27;25.4;71.6;694
2020-09-05_22:57:27;25.5;64.4;674
2020-09-05_23:17:28;25.7;69.5;665
2020-09-05_23:37:28;25.7;59.8;671
2020-09-05_23:57:28;26.0;60.9;710
2020-09-06_00:17:28;25.4;61.1;721
2020-09-06_00:37:28;26.0;67.4;711
2020-09-06_00:57:29;25.8;65.8;710
2020-09-06_01:17:29;26.2;58.6;711
2020-09-06_01:37:29;25.8;56.5;720
2020-09-06_01:57:29;25.8;59.7;710
2020-09-06_02:17:29;25.8;64;707
2020-09-06_02:37:30;26.4;63.5;703
2020-09-06_02:57:30;26.1;62;715
2020-09-06_03:17:30;26.5;62.9;718
2020-09-06_03:37:30;26.2;68.6;667
2020-09-06_03:57:30;26.3;64.8;668
2020-09-06_04:17:31;26.1;63.9;714
2020-09-06_04:37:31;25.9;61.3;718
2020-09-06_04:57:31;26.0;36.3;640
2020-09-06_05:17:31;26.1;50.9;717
2020-09-06_05:37:31;25.9;50.3;719
2020-09-06_05:57:31;26.1;39.3;669
2020-09-06_06:17:32;25.5;54.3;669
2020-09-06_06:37:32;25.7;56.5;714
2020-09-06_06:57:32;25.9;64.3;674
2020-09-06_07:17:32;25.7;61.6;679
2020-09-06_07:37:33;26.0;63.4;673
2020-09-06_07:57:33;25.9;54.1;668
2020-09-06_08:17:33;25.8;62.9;678
2020-09-06_08:37:33;25.8;64.2;684
2020-09-06_08:57:33;25.6;54.8;672
2020-09-06_09:17:34;25.4;69.6;708
2020-09-06_09:37:34;25.6;70.2;715
2020-09-06_09:57:34;25.9;70.6;683
2020-09-06_10:17:34;25.8;46.5;700
2020-09-06_10:37:34;25.8;49.3;673
2020-09-06_10:57:34;25.9;47.4;678
2020-09-06_11:17:35;25.1;45.3;673
2020-09-06_11:37:35;24.7;46;706
2020-09-06_11:57:35;24.3;35.5;719
2020-09-06_12:17:35;25.1;51.1;677
2020-09-06_12:37:36;25.4;43.6;705
2020-09-06_12:57:36;25.5;53.7;716
2020-09-06_13:17:36;25.7;51.6;717
2020-09-06_13:37:36;25.8;52.4;680
2020-09-06_13:57:36;25.8;54.9;692
2020-09-06_14:17:37;25.9;48.6;713
2020-09-06_14:37:37;26.3;50.5;714
2020-09-06_14:57:37;26.4;49.6;705
2020-09-06_15:17:37;26.7;56.1;718
2020-09-06_15:37:37;26.7;43;678
2020-09-06_15:57:38;27.0;46;675
2020-09-06_16:17:38;27.0;53.3;675
2020-09-06_16:37:38;27.2;63;717
2020-09-06_16:57:38;27.2;52.2;678
2020-09-06_17:17:38;26.9;38.8;718
2020-09-06_17:37:39;27.5;50.7;715
2020-09-06_17:57:39;27.6;50.4;676
2020-09-06_18:17:39;28.1;42.1;710
2020-09-06_18:37:39;26.8;46.4;723
2020-09-06_18:57:39;27.7;48.3;676
2020-09-06_19:17:39;25.0;50.6;696
2020-09-06_19:37:40;25.5;50.7;716
2020-09-06_19:57:40;26.5;61.6;703
2020-09-06_20:17:40;27.0;58.4;667
2020-09-06_20:37:40;26.9;67.4;672
2020-09-06_20:57:40;27.0;62.2;718
2020-09-06_21:17:41;26.6;66.5;713
2020-09-06_21:37:41;27.0;58.8;673
2020-09-06_21:57:41;26.9;62.3;716
2020-09-06_22:17:41;27.0;63.5;712
2020-09-06_22:37:41;27.2;57.5;702
2020-09-06_22:57:42;26.8;66.9;705
2020-09-06_23:17:42;27.0;54.4;702
2020-09-06_23:37:42;26.3;47;707
2020-09-06_23:57:42;27.3;46;718
2020-09-07_00:17:42;26.4;64.7;709
2020-09-07_00:37:43;26.5;39.9;695
2020-09-07_00:57:43;26.3;60.4;711
2020-09-07_01:17:43;26.3;45.8;716
2020-09-07_01:37:43;26.4;45.4;698
2020-09-07_01:57:43;25.7;60.1;674
2020-09-07_02:17:44;26.4;52.2;716
2020-09-07_02:37:44;24.8;50.2;715
2020-09-07_02:57:44;26.4;53.6;700
2020-09-07_03:17:44;26.3;63.6;713
2020-09-07_03:37:44;26.2;54.1;705
2020-09-07_03:57:45;26.1;63.5;683
2020-09-07_04:17:45;25.5;36.1;693
2020-09-07_04:37:45;26.9;56.4;696
2020-09-07_04:57:45;26.5;67.4;713
2020-09-07_05:17:45;26.3;43.7;716
2020-09-07_05:37:46;26.4;48.2;701
2020-09-07_05:57:46;26.3;48.6;701
2020-09-07_06:17:46;26.2;67.1;677
2020-09-07_06:37:46;26.2;53.1;714
2020-09-07_06:57:46;25.5;45.2;682
2020-09-07_07:17:47;26.2;49.4;676
2020-09-07_07:37:47;26.5;55.8;673
2020-09-07_07:57:47;26.2;49;697
2020-09-07_08:17:47;26.2;55.9;715
2020-09-07_08:37:47;26.3;58.3;711
2020-09-07_08:57:48;26.4;59.2;709
2020-09-07_09:17:48;26.4;45.5;682
2020-09-07_09:37:48;26.6;57.7;676
2020-09-07_09:57:48;26.4;57.3;681
2020-09-07_10:17:48;26.6;58;676
2020-09-07_10:37:49;26.8;54.1;693
2020-09-07_10:57:49;26.7;62.6;712
2020-09-07_11:17:49;26.6;49.2;698
2020-09-07_11:37:49;26.7;41.5;689
2020-09-07_11:57:49;27.2;52;677
2020-09-07_12:17:50;26.8;54.3;702
2020-09-07_12:37:50;27.4;54;672
2020-09-07_12:57:50;26.8;67.7;687
2020-09-07_13:17:50;26.7;60;680
2020-09-07_13:37:50;27.0;58;710
2020-09-07_13:57:51;26.9;58.4;678
2020-09-07_14:17:51;26.9;58.1;682
2020-09-07_14:37:51;27.1;56.8;683
2020-09-07_14:57:51;27.1;54.5;670
2020-09-07_15:17:51;27.3;63.1;722
2020-09-07_15:37:52;27.6;58.7;693
2020-09-07_15:57:52;27.6;60.4;697
2020-09-07_16:17:52;27.7;56.8;673
2020-09-07_16:37:52;27.6;48.9;708
2020-09-07_16:57:52;27.2;49.8;690
2020-09-07_17:17:53;27.7;55.3;718
2020-09-07_17:37:53;27.8;42.4;700
2020-09-07_17:57:53;27.9;41.6;643
2020-09-07_18:17:53;27.7;38.2;672
2020-09-07_18:37:53;28.0;43.1;680
2020-09-07_18:57:54;28.1;43.9;712
2020-09-07_19:17:54;27.3;39.6;711
2020-09-07_19:37:54;27.4;37.8;716
2020-09-07_19:57:54;27.0;39.3;711
2020-09-07_20:17:54;27.8;38.3;704
2020-09-07_20:37:55;26.7;38;684
2020-09-07_20:57:55;26.5;38.5;693
2020-09-07_21:17:55;26.3;37.7;712
2020-09-07_21:37:55;26.3;34.8;707
2020-09-07_21:57:55;26.1;48;704
2020-09-07_22:17:56;25.9;53.7;672
2020-09-07_22:37:56;26.0;57.5;681
2020-09-07_22:57:56;26.1;65.7;688
2020-09-07_23:17:56;26.3;54.3;707
2020-09-07_23:37:56;26.4;42.9;682
2020-09-07_23:57:57;26.2;49.9;680
2020-09-08_00:17:57;26.3;57.7;676
2020-09-08_00:37:57;25.9;54.2;675
2020-09-08_00:57:57;25.7;53.6;683
2020-09-08_01:17:57;26.2;53.5;713
2020-09-08_01:37:58;26.1;51.3;680
2020-09-08_01:57:58;26.3;55.4;681
2020-09-08_02:17:58;25.9;39.4;677
2020-09-08_02:37:58;26.2;50.7;719
2020-09-08_02:57:58;25.2;54.1;682
2020-09-08_03:17:59;25.8;52.4;676
2020-09-08_03:37:59;26.1;54;714
2020-09-08_03:57:59;25.5;55.9;715
2020-09-08_04:17:59;25.9;53.1;701
2020-09-08_04:37:59;25.8;55.1;675
2020-09-08_04:57:59;25.2;53.4;713
2020-09-08_05:18:00;25.6;58;711
2020-09-08_05:38:00;25.6;57.7;685
2020-09-08_05:58:00;26.1;53.1;698
2020-09-08_06:18:00;25.5;49.4;713
2020-09-08_06:38:01;25.6;57.2;712
2020-09-08_06:58:01;26.3;54;713
2020-09-08_07:18:01;26.0;62.3;681
2020-09-08_07:38:01;25.6;52;714
2020-09-08_07:58:01;25.5;53.2;683
2020-09-08_08:18:02;25.4;53.9;700
2020-09-08_08:38:02;25.8;48.4;688
2020-09-08_08:58:02;26.0;51;671
2020-09-08_09:18:02;24.7;51;671
2020-09-08_09:38:02;26.1;48.9;698
2020-09-08_09:58:03;25.8;43.8;718
2020-09-08_10:18:03;25.8;47.6;711
2020-09-08_10:38:03;25.9;47.9;675
2020-09-08_10:58:03;28.3;44.7;709
2020-09-08_11:18:03;26.0;56.6;679
2020-09-08_11:38:04;26.1;63.2;719
2020-09-08_11:58:04;26.3;58.5;679
2020-09-08_12:18:04;27.2;52.5;701
2020-09-08_12:38:04;26.7;52.9;717
2020-09-08_12:58:04;26.8;60.3;721
2020-09-08_13:18:04;26.5;53.9;710
2020-09-08_13:38:05;26.7;58.6;717
2020-09-08_13:58:05;26.7;49.3;720
2020-09-08_14:18:05;26.8;59.5;682
2020-09-08_14:38:05;26.8;58.4;680
2020-09-08_14:58:06;27.1;50.1;692
2020-09-08_15:18:06;26.8;55.6;670
2020-09-08_15:38:06;26.4;54.1;714
2020-09-08_15:58:06;27.1;50.2;677
2020-09-08_16:18:06;26.9;50.2;717
2020-09-08_16:38:07;26.8;40.9;677
2020-09-08_16:58:07;26.8;46.1;706
2020-09-08_17:18:07;26.4;38.2;667
2020-09-08_17:38:07;26.1;50.8;700
2020-09-08_17:58:07;25.8;46.9;715
2020-09-08_18:18:07;25.5;60.1;720
2020-09-08_18:38:08;25.5;57.6;709
2020-09-08_18:58:08;25.2;60.7;669
2020-09-08_19:18:08;25.6;61.8;688
2020-09-08_19:38:08;25.5;66.5;672
2020-09-08_19:58:08;25.5;60.4;666
2020-09-08_20:18:09;25.0;69.4;689
2020-09-08_20:38:09;25.1;60.7;683
2020-09-08_20:58:09;25.7;62.4;666
2020-09-08_21:18:09;26.0;65.2;694
2020-09-08_21:38:09;25.9;66.3;707
2020-09-08_21:58:10;26.1;62.2;713
2020-09-08_22:18:10;26.4;63.7;676
2020-09-08_22:38:10;26.3;60.7;675
2020-09-08_22:58:10;25.9;66;690
2020-09-08_23:18:10;26.2;65.9;712
2020-09-08_23:38:11;25.9;59.5;718
2020-09-08_23:58:11;27.1;65.3;721
2020-09-09_00:18:11;26.7;67.5;715
2020-09-09_00:38:11;26.7;67.8;673
2020-09-09_00:58:11;26.1;65.2;697
2020-09-09_01:18:12;27.3;62.9;714
2020-09-09_01:38:12;27.0;57;719
2020-09-09_01:58:12;26.6;56.4;683
2020-09-09_02:18:12;26.4;58.9;676
2020-09-09_02:38:12;26.4;62.2;685
2020-09-09_02:58:13;26.3;61.3;711
2020-09-09_03:18:13;26.4;60.8;714
2020-09-09_03:38:13;26.2;53.7;677
2020-09-09_03:58:13;26.5;52.8;671
2020-09-09_04:18:13;26.3;62.2;715
2020-09-09_04:38:14;26.3;49.3;718
2020-09-09_04:58:14;26.3;58;721
2020-09-09_05:18:14;26.3;67.9;678
2020-09-09_05:38:14;26.2;53.7;675
2020-09-09_05:58:14;26.2;69.3;717
2020-09-09_06:18:15;26.5;67.5;681
2020-09-09_06:38:15;26.3;58.5;692
2020-09-09_06:58:15;26.3;61.6;675
2020-09-09_07:18:15;26.4;52.8;679
2020-09-09_07:38:15;26.1;41.7;673
2020-09-09_07:58:16;26.1;48.4;695
2020-09-09_08:18:16;25.8;46.1;671
2020-09-09_08:38:16;25.8;54.8;682
2020-09-09_08:58:16;26.2;56.4;717
2020-09-09_09:18:16;26.3;51;674
2020-09-09_09:38:17;26.7;52.6;663
2020-09-09_09:58:17;26.0;55.4;667
2020-09-09_10:18:17;26.7;46.1;701
2020-09-09_10:38:17;26.8;60.3;667
2020-09-09_10:58:17;25.7;66.5;721
2020-09-09_11:18:18;26.7;68.4;679
2020-09-09_11:38:18;26.5;67.9;711
2020-09-09_11:58:18;26.1;65;703
2020-09-09_12:18:18;26.0;69.7;720
2020-09-09_12:38:18;26.2;67.9;706
2020-09-09_12:58:19;25.8;58.8;706
2020-09-09_13:18:19;26.2;67.4;719
2020-09-09_13:38:19;26.5;61.5;667
2020-09-09_13:58:19;26.8;58.4;718
2020-09-09_14:18:19;27.6;57.1;677
2020-09-09_14:38:20;27.3;50.3;670
2020-09-09_14:58:20;27.4;54.1;718
2020-09-09_15:18:20;26.9;47.7;667
2020-09-09_15:38:20;27.7;52.1;710
2020-09-09_15:58:20;27.4;55;709
2020-09-09_16:18:21;26.4;53.6;691
2020-09-09_16:38:21;27.4;55;718
2020-09-09_16:58:21;26.7;46.1;665
2020-09-09_17:18:21;26.8;45.9;694
2020-09-09_17:38:21;26.7;53.4;703
2020-09-09_17:58:22;27.1;52.6;712
2020-09-09_18:18:22;27.2;51.4;674
2020-09-09_18:38:22;27.0;54.6;671
2020-09-09_18:58:22;27.2;46.8;722
2020-09-09_19:18:22;26.5;57;676
2020-09-09_19:38:23;26.7;56.9;705
2020-09-09_19:58:23;25.8;52.5;677
2020-09-09_20:18:23;26.4;52.3;715
2020-09-09_20:38:23;26.0;52.2;677
2020-09-09_20:58:23;25.9;64.5;676
2020-09-09_21:18:24;26.0;52.4;701
2020-09-09_21:38:24;26.6;55.7;707
2020-09-09_21:58:24;26.2;51.3;714
2020-09-09_22:18:24;26.1;57.1;678
2020-09-09_22:38:24;26.7;58.6;686
2020-09-09_22:58:25;26.9;54.5;710
2020-09-09_23:18:25;27.0;52.1;680
2020-09-09_23:38:25;26.9;47.3;719
2020-09-09_23:58:25;27.4;57.3;707
2020-09-10_00:18:25;27.8;53.8;720
2020-09-10_00:38:26;28.1;54.5;713
2020-09-10_00:58:26;28.2;49.5;719
2020-09-10_01:18:26;26.9;47.5;638
2020-09-10_01:38:26;27.2;58;679
2020-09-10_01:58:26;27.3;53.9;672
2020-09-10_02:18:27;27.4;69.1;688
2020-09-10_02:38:27;27.0;43.6;716
2020-09-10_02:58:27;26.9;53.9;671
2020-09-10_03:18:27;28.5;55.2;676
2020-09-10_03:38:27;26.7;53;714
2020-09-10_03:58:28;27.2;46.9;717
2020-09-10_04:18:28;27.5;60.3;687
2020-09-10_04:38:28;27.4;70.7;720
2020-09-10_04:58:28;26.8;59.5;668
2020-09-10_05:18:28;26.4;54.6;676
2020-09-10_05:38:29;27.0;47;686
2020-09-10_05:58:29;27.1;43.5;703
2020-09-10_06:18:29;26.9;45.2;718
2020-09-10_06:38:29;26.5;49.9;695
2020-09-10_06:58:29;26.1;47.8;682
2020-09-10_07:18:30;27.1;48.1;671
2020-09-10_07:38:30;27.0;44.9;720
2020-09-10_07:58:30;26.6;41;723
2020-09-10_08:18:30;26.7;42.5;709
2020-09-10_08:38:30;25.8;48.6;675
2020-09-10_08:58:31;26.6;59.7;672
2020-09-10_09:18:31;26.8;56.1;662
2020-09-10_09:38:31;26.7;53.2;678
2020-09-10_09:58:31;26.9;45.7;718
2020-09-10_10:18:31;27.0;45.3;675
2020-09-10_10:38:32;27.0;51.8;721
2020-09-10_10:58:32;26.9;48.9;712
2020-09-10_11:18:32;26.8;51.4;677
2020-09-10_11:38:32;26.8;53.1;716
2020-09-10_11:58:32;26.8;53.4;713
2020-09-10_12:18:33;27.1;52;676
2020-09-10_12:38:33;25.1;42.1;716
2020-09-10_12:58:33;25.1;43;676
2020-09-10_13:18:33;25.3;47.3;719
2020-09-10_13:38:33;26.4;46.5;710
2020-09-10_13:58:34;26.6;48.6;704
2020-09-10_14:18:34;26.3;44;687
2020-09-10_14:38:34;27.0;54.4;681
2020-09-10_14:58:34;27.1;43.3;716
2020-09-10_15:18:34;27.5;45.7;669
2020-09-10_15:38:35;27.2;41;709
2020-09-10_15:58:35;26.9;34.2;711
2020-09-10_16:18:35;27.5;41.5;674
2020-09-10_16:38:35;27.1;43.5;712
2020-09-10_16:58:35;26.8;45.6;678
2020-09-10_17:18:35;27.8;55.6;718
2020-09-10_17:38:36;27.1;57.5;671
2020-09-10_17:58:36;27.4;48.8;706
2020-09-10_18:18:36;27.6;52.4;676
2020-09-10_18:38:36;27.7;62.6;706
2020-09-10_18:58:36;27.6;56.3;669
2020-09-10_19:18:37;27.5;51.9;690
2020-09-10_19:38:37;26.8;54.8;720
2020-09-10_19:58:37;27.4;48.8;708
2020-09-10_20:18:37;27.6;61;723
2020-09-10_20:38:37;26.5;51.4;674
2020-09-10_20:58:38;27.7;56.4;681
2020-09-10_21:18:38;27.2;57;675
2020-09-10_21:38:38;27.4;55.3;703
2020-09-10_21:58:38;27.2;52.8;700
2020-09-10_22:18:38;27.0;55.9;722
2020-09-10_22:38:39;26.8;56.4;672
2020-09-10_22:58:39;26.8;65.7;718
2020-09-10_23:18:39;26.9;59.5;712
2020-09-10_23:38:39;27.2;57.6;677
2020-09-10_23:58:39;26.6;56.3;714
2020-09-11_00:18:40;26.9;50.6;713
2020-09-11_00:38:40;26.7;53;717
2020-09-11_00:58:40;26.6;54.1;708
2020-09-11_01:18:40;26.4;55.3;698
2020-09-11_01:38:40;26.4;56.6;686
2020-09-11_01:58:41;26.2;54.3;678
2020-09-11_02:18:41;26.2;51.9;678
2020-09-11_02:38:41;26.0;61.8;712
2020-09-11_02:58:41;26.4;63.4;712
2020-09-11_03:18:41;26.2;54.1;669
2020-09-11_03:38:42;25.9;50.2;709
2020-09-11_03:58:42;26.2;58.6;714
2020-09-11_04:18:42;25.8;44.4;675
2020-09-11_04:38:42;26.3;58.9;676
2020-09-11_04:58:42;25.8;65.6;717
2020-09-11_05:18:43;26.1;56.9;677
2020-09-11_05:38:43;25.9;60.3;716
2020-09-11_05:58:43;25.9;57.8;697
2020-09-11_06:18:43;25.8;59.2;676
2020-09-11_06:38:43;25.8;54;676
2020-09-11_06:58:44;26.2;52.2;678
2020-09-11_07:18:44;25.6;61.7;714
2020-09-11_07:38:44;25.9;53.6;694
2020-09-11_07:58:44;25.8;62.5;669
2020-09-11_08:18:44;25.8;59;709
2020-09-11_08:38:45;25.9;61.9;669
2020-09-11_08:58:45;25.8;55.1;710
2020-09-11_09:18:45;25.7;57.3;688
2020-09-11_09:38:45;25.6;59.8;672
2020-09-11_09:58:45;26.9;57.6;684
2020-09-11_10:18:46;26.0;45.3;692
2020-09-11_10:38:46;25.8;41;710
2020-09-11_10:58:46;25.7;48.1;712
2020-09-11_11:18:46;26.0;45.2;699
2020-09-11_11:38:46;25.9;39;683
2020-09-11_11:58:47;25.5;41.9;710
2020-09-11_12:18:47;24.9;34.6;685
2020-09-11_12:38:47;24.9;34;715
2020-09-11_12:58:47;25.3;33.8;670
2020-09-11_13:18:47;25.2;37.4;682
2020-09-11_13:38:47;25.2;36.4;685
2020-09-11_13:58:48;25.5;39;705
2020-09-11_14:18:48;25.8;44;680
2020-09-11_14:38:48;25.8;54.3;681
2020-09-11_14:58:48;26.1;49.3;682
2020-09-11_15:18:48;26.4;43.6;713
2020-09-11_15:38:49;26.5;49;675
2020-09-11_15:58:49;26.6;50.3;709
2020-09-11_16:18:49;27.1;43.3;680
2020-09-11_16:38:49;27.0;38.4;717
2020-09-11_16:58:49;27.5;38.2;678
2020-09-11_17:18:50;27.9;40.5;686
2020-09-11_17:38:50;27.8;47.4;678
2020-09-11_17:58:50;27.8;43.1;676
2020-09-11_18:18:50;27.9;47.2;714
2020-09-11_18:38:50;28.4;48.3;681
2020-09-11_18:58:51;27.6;49.9;686
2020-09-11_19:18:51;26.8;38.7;710
2020-09-11_19:38:51;24.2;50.4;692
2020-09-11_19:58:51;23.7;49.3;704
2020-09-11_20:18:51;24.0;47.7;705
2020-09-11_20:38:52;23.1;43.6;663
2020-09-11_20:58:52;25.0;54.2;706
2020-09-11_21:18:52;25.8;51.5;698
2020-09-11_21:38:52;26.1;50.6;713
2020-09-11_21:58:52;26.0;49;711
2020-09-11_22:18:53;26.4;43.9;675
2020-09-11_22:38:53;26.3;45.1;679
2020-09-11_22:58:53;26.6;47;708
2020-09-11_23:18:53;26.8;47.2;710
2020-09-11_23:38:53;26.8;48.7;679
2020-09-11_23:58:53;26.8;46.6;682
2020-09-12_00:18:54;26.9;46.3;714
2020-09-12_00:38:54;26.7;39;706
2020-09-12_00:58:54;26.9;51.1;712
2020-09-12_01:18:54;26.8;55.3;708
2020-09-12_01:38:55;26.6;55.1;704
2020-09-12_01:58:55;26.9;52.8;682
2020-09-12_02:18:55;26.9;44.8;682
2020-09-12_02:38:55;27.0;51.8;672
2020-09-12_02:58:55;26.8;42.4;689
2020-09-12_03:18:56;26.6;53.4;711
2020-09-12_03:38:56;26.9;54.1;690
2020-09-12_03:58:56;26.9;41.9;704
2020-09-12_04:18:56;26.8;44;708
2020-09-12_04:38:56;26.5;51.3;708
2020-09-12_04:58:56;27.1;42;685
2020-09-12_05:18:57;26.9;51.7;692
2020-09-12_05:38:57;26.9;51.3;705
2020-09-12_05:58:57;26.5;50.5;702
2020-09-12_06:18:57;26.9;42.1;711
2020-09-12_06:38:57;26.6;49.5;706
2020-09-12_06:58:58;26.5;48.7;693
2020-09-12_07:18:58;26.3;44;684
2020-09-12_07:38:58;26.6;40;699
2020-09-12_07:58:58;26.7;40.7;684
2020-09-12_08:18:58;26.6;39.6;683
2020-09-12_08:38:59;26.6;38.5;674
2020-09-12_08:58:59;26.7;42.9;683
2020-09-12_09:18:59;26.5;42.9;680
2020-09-12_09:38:59;26.6;45.3;708
2020-09-12_09:58:59;25.1;47.3;675
2020-09-12_10:19:00;24.7;47.6;713
2020-09-12_10:39:00;25.8;43.6;698
2020-09-12_10:59:00;26.1;54.9;707
2020-09-12_11:19:00;26.1;47.8;704
2020-09-12_11:39:00;26.6;47.8;710
2020-09-12_11:59:01;26.7;42.7;681
2020-09-12_12:19:01;26.7;53.8;711
2020-09-12_12:39:01;26.8;62.3;699
2020-09-12_12:59:01;26.6;49.1;684
2020-09-12_13:19:01;26.7;47.5;678
2020-09-12_13:39:02;26.8;48.2;702
2020-09-12_13:59:02;26.6;46.4;710
2020-09-12_14:19:02;27.3;52.8;710
2020-09-12_14:39:02;27.3;62.5;715
2020-09-12_14:59:02;25.4;58.4;709
2020-09-12_15:19:03;27.3;43;716
2020-09-12_15:39:03;27.6;46.6;680
2020-09-12_15:59:03;27.7;43.6;700
2020-09-12_16:19:03;28.0;35.3;692
2020-09-12_16:39:03;28.4;38.9;680
2020-09-12_16:59:04;29.3;36.7;686
2020-09-12_17:19:04;28.4;37.8;684
2020-09-12_17:39:04;28.4;35.3;719
2020-09-12_17:59:04;27.9;43.9;706
2020-09-12_18:19:04;28.5;45.4;683
2020-09-12_18:39:05;28.5;51.4;695
2020-09-12_18:59:05;28.4;40.3;695
2020-09-12_19:19:05;27.4;44.6;713
2020-09-12_19:39:05;27.3;49.4;713
2020-09-12_19:59:05;28.2;51;711
2020-09-12_20:19:06;28.0;59.7;706
2020-09-12_20:39:06;29.9;64;717
2020-09-12_20:59:06;28.8;40.1;716
2020-09-12_21:19:06;27.9;45.4;676
2020-09-12_21:39:06;27.8;55.6;704
2020-09-12_21:59:07;28.0;42.5;716
2020-09-12_22:19:07;28.1;49.9;715
2020-09-12_22:39:07;28.2;47.1;694
2020-09-12_22:59:07;26.8;48.3;694
2020-09-12_23:19:07;25.8;47.8;687
2020-09-12_23:39:08;25.4;50.9;700
2020-09-12_23:59:08;25.5;47.1;689
2020-09-13_00:19:08;24.7;64.5;692
2020-09-13_00:39:08;25.1;39.9;695
2020-09-13_00:59:08;25.5;63;695
2020-09-13_01:19:08;27.2;46.1;704
2020-09-13_01:39:09;26.5;46.6;705
2020-09-13_01:59:09;26.8;41.2;654
2020-09-13_02:19:09;27.0;51.2;692
2020-09-13_02:39:09;26.7;53.2;702
2020-09-13_02:59:09;27.2;53.4;687
2020-09-13_03:19:10;27.4;47.1;706
2020-09-13_03:39:10;27.2;46.3;675
2020-09-13_03:59:10;27.0;53.5;682
2020-09-13_04:19:10;27.8;54.8;690
2020-09-13_04:39:10;28.3;51.5;682
2020-09-13_04:59:11;27.2;54.7;690
2020-09-13_05:19:11;27.1;42.7;699
2020-09-13_05:39:11;28.1;51.1;688
2020-09-13_05:59:11;27.1;59.4;696
2020-09-13_06:19:11;27.5;55.2;697
2020-09-13_06:39:12;27.3;53.6;707
2020-09-13_06:59:12;27.5;60.7;695
2020-09-13_07:19:12;27.1;65.8;706
2020-09-13_07:39:12;27.0;59.4;686
2020-09-13_07:59:12;26.9;59.8;681
2020-09-13_08:19:13;26.6;57.1;688
2020-09-13_08:39:13;27.2;55.9;699
2020-09-13_08:59:13;28.6;46.6;695
